<?xml version="1.0" encoding="UTF-8"?>
<project xmlns="http://maven.apache.org/POM/4.0.0" xmlns:xsi="http://www.w3.org/2001/XMLSchema-instance" xsi:schemaLocation="http://maven.apache.org/POM/4.0.0 http://maven.apache.org/maven-v4_0_0.xsd">
  <parent>
    <artifactId>storm</artifactId>
    <groupId>org.apache.storm</groupId>
    <version>0.9.3</version>
  </parent>
  <modelVersion>4.0.0</modelVersion>
  <groupId>org.apache.storm</groupId>
  <artifactId>storm-core</artifactId>
  <name>Storm Core</name>
  <description>Storm Core Java API and Clojure implementation.</description>
  <build>
    <sourceDirectory>src/jvm</sourceDirectory>
    <testSourceDirectory>test/jvm</testSourceDirectory>
    <resources>
      <resource>
        <directory>../conf</directory>
      </resource>
      <resource>
        <targetPath>META-INF</targetPath>
        <directory>../</directory>
        <includes>
          <include>NOTICE</include>
        </includes>
      </resource>
    </resources>
    <testResources>
      <testResource>
        <directory>src/dev</directory>
      </testResource>
      <testResource>
        <directory>test/resources</directory>
      </testResource>
    </testResources>
    <plugins>
      <plugin>
        <groupId>com.theoryinpractise</groupId>
        <artifactId>clojure-maven-plugin</artifactId>
        <extensions>true</extensions>
        <executions>
          <execution>
            <id>compile-clojure</id>
            <phase>compile</phase>
            <goals>
              <goal>compile</goal>
            </goals>
          </execution>
          <execution>
            <id>test-clojure</id>
            <phase>test</phase>
            <goals>
              <goal>test-with-junit</goal>
            </goals>
            <configuration>
              <vmargs>${test.extra.args}</vmargs>
            </configuration>
          </execution>
        </executions>
        <configuration>
          <sourceDirectories>
            <sourceDirectory>src/clj</sourceDirectory>
          </sourceDirectories>
          <testSourceDirectories>
            <testSourceDirectory>test/clj</testSourceDirectory>
          </testSourceDirectories>
          <warnOnReflection>false</warnOnReflection>
          <copyDeclaredNamespaceOnly>true</copyDeclaredNamespaceOnly>
          <copiedNamespaces>
            <copiedNamespace>none</copiedNamespace>
          </copiedNamespaces>
        </configuration>
      </plugin>
      <plugin>
        <artifactId>maven-surefire-report-plugin</artifactId>
        <configuration>
          <reportsDirectories>
            <file>${project.build.directory}/test-reports</file>
          </reportsDirectories>
        </configuration>
      </plugin>
      <plugin>
        <artifactId>maven-shade-plugin</artifactId>
        <version>2.2</version>
        <executions>
          <execution>
            <phase>package</phase>
            <goals>
              <goal>shade</goal>
            </goals>
          </execution>
        </executions>
        <dependencies>
          <dependency>
            <groupId>org.apache.storm</groupId>
            <artifactId>maven-shade-clojure-transformer</artifactId>
            <version>${project.version}</version>
          </dependency>
        </dependencies>
        <configuration>
          <keepDependenciesWithProvidedScope>false</keepDependenciesWithProvidedScope>
          <promoteTransitiveDependencies>true</promoteTransitiveDependencies>
          <createDependencyReducedPom>true</createDependencyReducedPom>
          <minimizeJar>false</minimizeJar>
          <artifactSet>
            <includes>
              <include>org.apache.thrift:*</include>
              <include>io.netty:netty</include>
              <include>com.google.guava:guava</include>
              <include>org.apache.httpcomponents:http*</include>
              <include>org.apache.zookeeper:zookeeper</include>
              <include>org.apache.curator:*</include>
            </includes>
          </artifactSet>
          <relocations>
            <relocation>
              <pattern>org.apache.thrift</pattern>
              <shadedPattern>org.apache.thrift7</shadedPattern>
            </relocation>
            <relocation>
              <pattern>org.jboss.netty</pattern>
              <shadedPattern>org.apache.storm.netty</shadedPattern>
            </relocation>
            <relocation>
              <pattern>com.google.common</pattern>
              <shadedPattern>org.apache.storm.guava</shadedPattern>
            </relocation>
            <relocation>
              <pattern>com.google.thirdparty</pattern>
              <shadedPattern>org.apache.storm.guava.thirdparty</shadedPattern>
            </relocation>
            <relocation>
              <pattern>org.apache.http</pattern>
              <shadedPattern>org.apache.storm.http</shadedPattern>
            </relocation>
            <relocation>
              <pattern>org.apache.zookeeper</pattern>
              <shadedPattern>org.apache.storm.zookeeper</shadedPattern>
            </relocation>
            <relocation>
              <pattern>org.apache.curator</pattern>
              <shadedPattern>org.apache.storm.curator</shadedPattern>
            </relocation>
          </relocations>
          <transformers>
            <transformer />
          </transformers>
          <filters>
            <filter>
              <artifact>org.apache.thrift:*</artifact>
              <excludes>
                <exclude>META-INF/LICENSE.txt</exclude>
                <exclude>META-INF/NOTICE.txt</exclude>
              </excludes>
            </filter>
            <filter>
              <artifact>io.netty:netty</artifact>
              <excludes>
                <exclude>META-INF/LICENSE.txt</exclude>
                <exclude>META-INF/NOTICE.txt</exclude>
              </excludes>
            </filter>
            <filter>
              <artifact>commons-httpclient:commons-httpclient</artifact>
              <excludes>
                <exclude>META-INF/LICENSE.txt</exclude>
                <exclude>META-INF/NOTICE.txt</exclude>
                <exclude>META-INF/README.txt</exclude>
              </excludes>
            </filter>
            <filter>
              <artifact>org.apache.zookeeper:zookeeper</artifact>
              <excludes>
                <exclude>LICENSE.txt</exclude>
              </excludes>
            </filter>
          </filters>
        </configuration>
      </plugin>
    </plugins>
  </build>
  <dependencies>
    <dependency>
      <groupId>org.clojure</groupId>
      <artifactId>clojure</artifactId>
      <version>1.5.1</version>
      <scope>compile</scope>
    </dependency>
    <dependency>
      <groupId>clj-time</groupId>
      <artifactId>clj-time</artifactId>
      <version>0.4.1</version>
      <scope>compile</scope>
    </dependency>
    <dependency>
      <groupId>joda-time</groupId>
      <artifactId>joda-time</artifactId>
      <version>2.0</version>
      <scope>compile</scope>
    </dependency>
    <dependency>
      <groupId>compojure</groupId>
      <artifactId>compojure</artifactId>
      <version>1.1.3</version>
      <scope>compile</scope>
    </dependency>
    <dependency>
      <groupId>org.clojure</groupId>
      <artifactId>core.incubator</artifactId>
      <version>0.1.0</version>
      <scope>compile</scope>
    </dependency>
    <dependency>
      <groupId>org.clojure</groupId>
      <artifactId>tools.macro</artifactId>
      <version>0.1.0</version>
      <scope>compile</scope>
    </dependency>
    <dependency>
      <groupId>clout</groupId>
      <artifactId>clout</artifactId>
      <version>1.0.1</version>
      <scope>compile</scope>
    </dependency>
    <dependency>
      <groupId>ring</groupId>
      <artifactId>ring-core</artifactId>
      <version>1.1.5</version>
      <scope>compile</scope>
    </dependency>
    <dependency>
      <groupId>commons-fileupload</groupId>
      <artifactId>commons-fileupload</artifactId>
      <version>1.2.1</version>
      <scope>compile</scope>
    </dependency>
    <dependency>
      <groupId>javax.servlet</groupId>
      <artifactId>servlet-api</artifactId>
      <version>2.5</version>
      <scope>compile</scope>
    </dependency>
    <dependency>
      <groupId>hiccup</groupId>
      <artifactId>hiccup</artifactId>
      <version>0.3.6</version>
      <scope>compile</scope>
    </dependency>
    <dependency>
      <groupId>ring</groupId>
      <artifactId>ring-devel</artifactId>
      <version>0.3.11</version>
      <scope>compile</scope>
    </dependency>
    <dependency>
      <groupId>clj-stacktrace</groupId>
      <artifactId>clj-stacktrace</artifactId>
      <version>0.2.2</version>
      <scope>compile</scope>
    </dependency>
    <dependency>
      <groupId>ring</groupId>
      <artifactId>ring-jetty-adapter</artifactId>
      <version>0.3.11</version>
      <scope>compile</scope>
    </dependency>
    <dependency>
      <groupId>ring</groupId>
      <artifactId>ring-servlet</artifactId>
      <version>0.3.11</version>
      <scope>compile</scope>
    </dependency>
    <dependency>
      <groupId>org.mortbay.jetty</groupId>
      <artifactId>jetty</artifactId>
      <version>6.1.26</version>
      <scope>compile</scope>
      <exclusions>
        <exclusion>
          <artifactId>servlet-api</artifactId>
          <groupId>org.mortbay.jetty</groupId>
        </exclusion>
      </exclusions>
    </dependency>
    <dependency>
      <groupId>org.mortbay.jetty</groupId>
      <artifactId>jetty-util</artifactId>
      <version>6.1.26</version>
      <scope>compile</scope>
    </dependency>
    <dependency>
      <groupId>org.clojure</groupId>
      <artifactId>tools.logging</artifactId>
      <version>0.2.3</version>
      <scope>compile</scope>
    </dependency>
    <dependency>
      <groupId>org.clojure</groupId>
      <artifactId>math.numeric-tower</artifactId>
      <version>0.0.1</version>
      <scope>compile</scope>
    </dependency>
    <dependency>
      <groupId>org.clojure</groupId>
      <artifactId>tools.cli</artifactId>
      <version>0.2.4</version>
      <scope>compile</scope>
    </dependency>
    <dependency>
      <groupId>commons-io</groupId>
      <artifactId>commons-io</artifactId>
      <version>2.4</version>
      <scope>compile</scope>
    </dependency>
    <dependency>
      <groupId>org.apache.commons</groupId>
      <artifactId>commons-exec</artifactId>
      <version>1.1</version>
      <scope>compile</scope>
    </dependency>
    <dependency>
      <groupId>commons-lang</groupId>
      <artifactId>commons-lang</artifactId>
      <version>2.5</version>
      <scope>compile</scope>
    </dependency>
    <dependency>
      <groupId>com.googlecode.json-simple</groupId>
      <artifactId>json-simple</artifactId>
      <version>1.1</version>
      <scope>compile</scope>
    </dependency>
    <dependency>
      <groupId>com.twitter</groupId>
      <artifactId>carbonite</artifactId>
      <version>1.4.0</version>
      <scope>compile</scope>
    </dependency>
    <dependency>
      <groupId>com.esotericsoftware.kryo</groupId>
      <artifactId>kryo</artifactId>
      <version>2.21</version>
      <scope>compile</scope>
    </dependency>
    <dependency>
      <groupId>com.esotericsoftware.reflectasm</groupId>
      <artifactId>reflectasm</artifactId>
      <version>1.07</version>
      <classifier>shaded</classifier>
      <scope>compile</scope>
    </dependency>
    <dependency>
      <groupId>org.ow2.asm</groupId>
      <artifactId>asm</artifactId>
      <version>4.0</version>
      <scope>compile</scope>
    </dependency>
    <dependency>
      <groupId>com.esotericsoftware.minlog</groupId>
      <artifactId>minlog</artifactId>
      <version>1.2</version>
      <scope>compile</scope>
    </dependency>
    <dependency>
      <groupId>org.objenesis</groupId>
      <artifactId>objenesis</artifactId>
      <version>1.2</version>
      <scope>compile</scope>
    </dependency>
    <dependency>
      <groupId>com.twitter</groupId>
      <artifactId>chill-java</artifactId>
      <version>0.3.5</version>
      <scope>compile</scope>
    </dependency>
    <dependency>
      <groupId>org.yaml</groupId>
      <artifactId>snakeyaml</artifactId>
      <version>1.11</version>
      <scope>compile</scope>
    </dependency>
    <dependency>
      <groupId>commons-logging</groupId>
      <artifactId>commons-logging</artifactId>
      <version>1.1.3</version>
      <scope>compile</scope>
    </dependency>
    <dependency>
      <groupId>commons-codec</groupId>
      <artifactId>commons-codec</artifactId>
      <version>1.6</version>
      <scope>compile</scope>
    </dependency>
    <dependency>
      <groupId>com.googlecode.disruptor</groupId>
      <artifactId>disruptor</artifactId>
      <version>2.10.1</version>
      <scope>compile</scope>
    </dependency>
    <dependency>
      <groupId>org.jgrapht</groupId>
      <artifactId>jgrapht-core</artifactId>
      <version>0.9.0</version>
      <scope>compile</scope>
    </dependency>
    <dependency>
      <groupId>ch.qos.logback</groupId>
      <artifactId>logback-classic</artifactId>
      <version>1.0.13</version>
      <scope>compile</scope>
    </dependency>
    <dependency>
      <groupId>ch.qos.logback</groupId>
      <artifactId>logback-core</artifactId>
      <version>1.0.13</version>
      <scope>compile</scope>
    </dependency>
    <dependency>
      <groupId>org.slf4j</groupId>
      <artifactId>slf4j-api</artifactId>
      <version>1.7.5</version>
      <scope>compile</scope>
    </dependency>
    <dependency>
      <groupId>org.slf4j</groupId>
      <artifactId>log4j-over-slf4j</artifactId>
      <version>1.6.6</version>
      <scope>compile</scope>
    </dependency>
    <dependency>
      <groupId>jline</groupId>
      <artifactId>jline</artifactId>
      <version>2.11</version>
      <scope>compile</scope>
    </dependency>
  </dependencies>
</project>

